Player (ITTF ID),Position,Previous Position,Points,Month,Year
FAN Zhendong (121404),1,1,14405,Jun,2019
LIN Gaoyuan (115910),2,2,14400,Jun,2019
XU Xin (110267),3,3,14160,Jun,2019
HARIMOTO Tomokazu (123980),4,4,13855,Jun,2019
MA Long (105649),5,5,13260,Jun,2019
BOLL Timo (101222),6,7,12715,Jun,2019
LIANG Jingkun (119588),7,6,12689,Jun,2019
ALDERANO Hugo (115641),8,8,12365,Jun,2019
FALCK Mattias (112074),9,11,11775,Jun,2019
JANG Woojin (114936),10,9,11309,Jun,2019
LEE Sangsu (105197),11,10,11050,Jun,2019
OVTCHAROV Dimitrij (107028),12,15,10813,Jun,2019
NIWA Koki (110729),13,12,10800,Jun,2019
MIZUTANI Jun (106195),14,13,10695,Jun,2019
PITCHFORD Liam (112442),15,14,10490,Jun,2019
FRANZISKA Patrick (102832),16,17,9705,Jun,2019
WONG Chun Ting (112620),17,18,9385,Jun,2019
SAMSONOV Vladimir (108246),18,20,9350,Jun,2019
JEOUNG Youngsik (104257),19,19,9153,Jun,2019
LIN Yun-Ju (121582),20,21,8798,Jun,2019
LIM Jonghoon (117357),21,16,8460,Jun,2019
GAUZY Simon (112062),22,27,8415,Jun,2019
ARUNA Quadri (112092),23,23,8328,Jun,2019
GNANASEKARAN Sathiyan (103126),24,24,8293,Jun,2019
OSHIMA Yuya (121752),25,22,7978,Jun,2019
UEDA Jin (110730),26,26,7718,Jun,2019
HUANG Chih-Yuan (101820),27,25,7658,Jun,2019
HABESOHN Daniel (103345),28,30,7338,Jun,2019
KARLSSON Kristian (104379),29,32,7075,Jun,2019
LEBESSON Emmanuel (105136),30,31,6985,Jun,2019
MORIZONO Masataka (112580),31,33,6978,Jun,2019
YOSHIMURA Maharu (117113),32,28,6909,Jun,2019
GROTH Jonathan (112409),33,34,6905,Jun,2019
FREITAS Marcos (102841),34,29,6783,Jun,2019
TSUBOI Gustavo (109581),35,37,6730,Jun,2019
HEN Chien-An (101648),36,38,6723,Jun,2019
JHA Kanak (116021),37,40,6675,Jun,2019
WALTHER Ricardo (109946),38,39,6539,Jun,2019
PUCAR Tomislav (116532),39,43,6500,Jun,2019
MATSUDAIRA Kenta (105926),40,44,6326,Jun,2019
ACHANTA Sharath Kamal (104314),41,46,6284,Jun,2019
LIU Dingshuo (121408),42,50,6234,Jun,2019
APOLONIA Tiago (100621),43,45,6099,Jun,2019
NUYTINCK Cedric (106814),44,51,6084,Jun,2019
JORGIC Darko (118927),45,41,6020,Jun,2019
DUDA Benedikt (116620),46,42,5985,Jun,2019
GERASSIMENKO Kirill (117890),47,49,5895,Jun,2019
ROBLES Alvaro (111050),48,52,5803,Jun,2019
YOSHIMURA Kazuhiro (123962),49,36,5734,Jun,2019
IONESCU Ovidiu (103903),50,47,5715,Jun,2019
WANG Yang (112735),50,58,5715,Jun,2019
SKACHKOV Kirill (108742),52,59,5605,Jun,2019
AKKUZU Can (116612),53,57,5568,Jun,2019
GIONIS Panagiotis (103107),54,60,5505,Jun,2019
TOKIC Bojan (109459),55,48,5450,Jun,2019
PISTEJ Lubomir (107445),56,75,5344,Jun,2019
JEONG Sangeun (111595),57,35,5337,Jun,2019
SIRUCEK Pavel (113243),58,61,5320,Jun,2019
DYJAS Jakub (113931),59,70,5184,Jun,2019
JOUTI Eric (113419),60,68,5105,Jun,2019
ZHOU Yu (118761),61,56,5064,Jun,2019
ZHENG Peifeng (115011),62,64,5040,Jun,2019
GARDOS Robert (102968),63,54,4918,Jun,2019
YU Ziyang (119532),64,102,4884,Jun,2019
ASSAR Omar (100696),65,53,4874,Jun,2019
PARK Ganghyeon (116820),66,78,4867,Jun,2019
STOYANOV Niagol (109002),67,69,4856,Jun,2019
QIU Dang (114715),68,72,4810,Jun,2019
MONTEIRO Thiago (106298),69,71,4745,Jun,2019
FEGERL Stefan (102697),70,66,4735,Jun,2019
AGUIRRE Marcelo (111115),71,80,4705,Jun,2019
SHIBAEV Alexander (108581),72,77,4690,Jun,2019
JANCARIK Lubomir (104036),73,79,4639,Jun,2019
MADRID Marcos (105679),74,81,4625,Jun,2019
IFUENTES Horacio (119316),75,86,4580,Jun,2019
GACINA Andrej (102891),76,95,4575,Jun,2019
AN Jaehyun (121514),77,73,4551,Jun,2019
PERSSON Jon (107312),78,55,4550,Jun,2019
OIKAWA Mizuki (120850),79,94,4544,Jun,2019
ZHOU Qihao (119533),80,63,4512,Jun,2019
ALAMIYAN Noshad (110673),81,67,4507,Jun,2019
LIND Anders (115029),82,85,4496,Jun,2019
FILUS Ruwen (102761),83,87,4490,Jun,2019
ALAMIAN Nima (112035),84,83,4460,Jun,2019
OLAH Benedek (110726),85,82,4409,Jun,2019
WALKER Samuel (114718),86,88,4384,Jun,2019
KOZUL Deni (118851),87,91,4375,Jun,2019
KOU Lei (113165),88,65,4370,Jun,2019
HO Seungmin (119284),89,62,4344,Jun,2019
DRINKHALL Paul (102380),90,114,4265,Jun,2019
HO Kwan Kit (123690),91,84,4165,Jun,2019
AFANADOR Brian (115000),92,117,4145,Jun,2019
DEVOS Robin (113317),93,98,4131,Jun,2019
GERALDO Joao (115396),94,112,4114,Jun,2019
BOBOCICA Mihai (101192),95,96,4076,Jun,2019
MINO Alberto (106151),96,97,4072,Jun,2019
LAMBIET Florent (114709),97,92,4059,Jun,2019
WISUTMAYTHANGKOON Supanut (120947),98,93,4035,Jun,2019
MAJOROS Bence (114860),99,100,3986,Jun,2019
PLATONOV Pavel (107456),100,103,3959,Jun,2019
KOJIC Frane (104760),101,107,3946,Jun,2019
AN Ji Song (124005),102,109,3920,Jun,2019
MOREGARD Truls (122044),103,113,3909,Jun,2019
STEGER Bastian (108958),104,89,3900,Jun,2019
UDA Yukiya (122777),105,76,3884,Jun,2019
HU Heming (114460),106,101,3872,Jun,2019
WANG Chuqin (121558),107,74,3867,Jun,2019
KHANIN Aliaksandr (114973),108,108,3771,Jun,2019
BADOWSKI Marek (120154),109,125,3744,Jun,2019
SZOCS Hunor (109140),110,105,3734,Jun,2019
LANDRIEU Andrea (114856),111,174,3724,Jun,2019
KALLBERG Anton (116853),112,132,3660,Jun,2019
ROBINOT Alexandre (113689),113,99,3609,Jun,2019
LAM Siu Hang (115546),114,121,3604,Jun,2019
ISHIY Vitor (117312),115,131,3595,Jun,2019
LIAO Cheng-Ting (119565),116,110,3580,Jun,2019
YOSHIDA Masaki (110411),117,106,3522,Jun,2019
FLORE Tristan (114355),118,127,3490,Jun,2019
ALLEGRO Martin (114848),119,115,3414,Jun,2019
SALEH Ahmed (100439),120,134,3411,Jun,2019
PLETEA Cristian (121042),121,116,3401,Jun,2019
LEVENKO Andreas (115449),122,111,3311,Jun,2019
ECSEKI Nandor (114716),123,119,3279,Jun,2019
LAMADRID Juan (116424),124,148,3250,Jun,2019
ANTHONY Amalraj (100001),125,122,3242,Jun,2019
HIRANO Yuki (110727),126,128,3224,Jun,2019
DESAI Harmeet (111641),127,118,3210,Jun,2019
PAK Sin Hyok (115927),128,126,3209,Jun,2019
OMOTAYO Olajide (113563),129,136,3105,Jun,2019
OLIVARES Felipe (106913),130,133,3085,Jun,2019
ASSAR Khalid (111959),131,140,3079,Jun,2019
EL-BEIALI Mohamed (102486),132,145,3014,Jun,2019
OOSTWOUDER Ewout (114063),133,123,2999,Jun,2019
GAO Ning (102943),134,104,2966,Jun,2019
IDOWU Saheed (114457),135,137,2956,Jun,2019
PRYSHCHEPA Yevhen (107570),136,144,2949,Jun,2019
ARVALHO Diogo (101514),137,168,2914,Jun,2019
ANTERO Jesus (101480),138,146,2906,Jun,2019
TANAKA Yuta (131375),139,169,2903,Jun,2019
GADIEV Vildan (112372),140,152,2875,Jun,2019
GOMEZ Gustavo (111683),141,161,2830,Jun,2019
SZUDI Adam (114717),142,156,2800,Jun,2019
KARAKASEVIC Aleksandar (104359),143,143,2776,Jun,2019
PENG Wang-Wei (119877),144,124,2774,Jun,2019
HWANG Minha (121565),145,135,2770,Jun,2019
NG Pak Nam (131983),146,147,2749,Jun,2019
LIVENTSOV Alexey (105497),147,139,2746,Jun,2019
ZHAI Yujia ^^ (123729),148,130,2740,Jun,2019
ANGLES Enzo (113676),149,175,2739,Jun,2019
MUTTI Leonardo (111216),150,155,2722,Jun,2019
KONECNY Tomas (104795),151,171,2631,Jun,2019
KIM Minhyeok (116818),152,141,2614,Jun,2019
TANVIRIYAVECHAKUL Padasak (115866),153,178,2600,Jun,2019
RUMGAY Gavin (108066),154,159,2595,Jun,2019
KANAMITSU Koyo (122388),155,166,2578,Jun,2019
ALTO Gaston (100486),156,195,2560,Jun,2019
RANEFUR Elias (114410),157,176,2551,Jun,2019
WEBER Lionel (115828),158,151,2541,Jun,2019
LAKATOS Tamas (113329),159,185,2540,Jun,2019
HACHARD Antoine (112446),160,154,2535,Jun,2019
TROMER Laurens (115392),160,162,2535,Jun,2019
PETO Zsolt (107324),162,180,2514,Jun,2019
SIPOS Rares (120224),163,157,2495,Jun,2019
SANTOS Emil (108295),164,158,2476,Jun,2019
TORIOLA Segun (109499),165,160,2455,Jun,2019
GONZALEZ Daniel (111512),166,197,2445,Jun,2019
ZHAO Zihao (134380),167,189,2434,Jun,2019
THAKKAR Manav Vikash (123682),168,129,2431,Jun,2019
KHEROUF Sami (104514),169,163,2420,Jun,2019
KENJAEV Zokhid (112261),169,187,2420,Jun,2019
MONTEIRO Joao (106296),169,201,2420,Jun,2019
ZHMUDENKO Yaroslav (110602),172,165,2419,Jun,2019
HAM Yu Song (132880),173,181,2407,Jun,2019
PEREIRA Andy (107272),174,164,2405,Jun,2019
KIM Donghyun (113336),175,120,2381,Jun,2019
REITSPIES David (114960),176,170,2333,Jun,2019
RASMUSSEN Tobias (118671),177,183,2329,Jun,2019
ROBINOT Quentin (112436),178,149,2304,Jun,2019
TREGLER Tomas (109546),179,172,2294,Jun,2019
GUNDUZ Ibrahim (120168),180,194,2273,Jun,2019
ABIODUN Bode (100079),181,177,2225,Jun,2019
GERELL Par (103037),182,150,2210,Jun,2019
ZATOWKA Patryk (114838),183,199,2199,Jun,2019
AMPOS Jorge (112121),184,179,2190,Jun,2019
ZHANG Jike (110553),185,90,2184,Jun,2019
JARVIS Tom (121684),186,196,2171,Jun,2019
JIN Takuya (117336),187,240,2162,Jun,2019
TOGAMI Shunsuke (133694),188,215,2141,Jun,2019
TORANZOS Alejandro (113450),189,192,2140,Jun,2019
HAZIN Jeremy (117604),190,239,2120,Jun,2019
HIPPLER Tobias (131169),191,212,2086,Jun,2019
SIDORENKO Vladimir (124576),192,209,2085,Jun,2019
ISMAILOV Sadi (118889),193,245,2080,Jun,2019
POWELL David (111286),194,191,2079,Jun,2019
MATSUYAMA Yuki (118886),195,229,2064,Jun,2019
NGUYEN Anh Tu (123720),196,193,2050,Jun,2019
ALKHADRAWI Ali (113376),197,206,2001,Jun,2019
WEI Shihao ^^ (119737),197,433,2001,Jun,2019
HUNG Tzu-Hsiang (112600),199,182,2000,Jun,2019
SHU Dean (117027),200,167,1991,Jun,2019
FANG Bo (111606),201,200,1959,Jun,2019
ENGEMANN Gerrit (121878),202,205,1936,Jun,2019
SEYFRIED Joe (117002),203,173,1926,Jun,2019
ABDULWAHHAB Mohammed (131156),204,188,1915,Jun,2019
BUROV Viacheslav (101400),205,260,1901,Jun,2019
YAN Xin ^ (117797),206,202,1876,Jun,2019
MEDJUGORAC Marko (116262),207,220,1870,Jun,2019
AGBETOGLO Mawussi (100154),208,204,1855,Jun,2019
ORT Kilian (116530),209,259,1825,Jun,2019
TOWNSEND Kane (111287),210,207,1823,Jun,2019
VALUCH Alexander (115100),211,210,1786,Jun,2019
TIO Nicholas (122940),212,222,1770,Jun,2019
KUMAR Nikhil (119463),213,211,1750,Jun,2019
LOTFIJANABADI Miad (119927),214,224,1741,Jun,2019
SAMBE Kohei (120313),215,184,1737,Jun,2019
GLOD Eric (117862),216,248,1735,Jun,2019
GALVEZ Samuel (111514),217,213,1726,Jun,2019
ZHOU Kai (117345),218,138,1724,Jun,2019
MLADENOVIC Luka (120074),219,214,1721,Jun,2019
MENGEL Steffen (106050),220,255,1715,Jun,2019
MIKUTIS Tomas (113926),221,216,1713,Jun,2019
VILLA Ricardo (118009),222,198,1700,Jun,2019
GALVANO Nicolas (116321),223,218,1660,Jun,2019
MACHADO Carlos (105666),224,238,1640,Jun,2019
KLEIN Dennis (120066),225,258,1636,Jun,2019
ARVIDSSON Simon (110888),226,208,1635,Jun,2019
HOE Il (115928),227,219,1625,Jun,2019
YANG Heng-Wei (119566),228,186,1615,Jun,2019
LINGEVELDT Kurt (111960),229,225,1590,Jun,2019
GATICA Hector (102983),229,226,1590,Jun,2019
NOVOTA Samuel (115019),231,288,1585,Jun,2019
WANG Eugene ^ (114247),232,227,1580,Jun,2019
GOLOVANOV Stanislav (103159),233,230,1563,Jun,2019
SGOUROPOULOS Ioannis (121693),234,256,1551,Jun,2019
MA Te (117805),235,190,1545,Jun,2019
PAIKOV Mikhail (107071),236,244,1531,Jun,2019
MAZE Michael (105966),237,234,1521,Jun,2019
FANNY Kokou Dodji (118722),238,235,1515,Jun,2019
BROSSIER Benjamin (112445),239,276,1501,Jun,2019
HAIQAL Muhamad Ashraf (115874),240,203,1485,Jun,2019
GOMMERS Rajko (114868),241,237,1481,Jun,2019
NUDDE Florian (123023),241,284,1481,Jun,2019
ARCE Dario (121278),243,241,1465,Jun,2019
SERDAROGLU David (120300),244,221,1460,Jun,2019
LUNDQVIST Jens (105609),245,243,1440,Jun,2019
SHETTY Sanil (108574),246,231,1439,Jun,2019
ZHOLUDEV Denis (117894),247,269,1428,Jun,2019
MARTINEZ Livan (121440),248,246,1425,Jun,2019
BALL Matthew (100877),249,232,1421,Jun,2019
OVERMEYER Shane (107025),250,247,1420,Jun,2019
XU Nathan (131134),251,641,1415,Jun,2019
GUTIERREZ Allan (103329),252,217,1410,Jun,2019
ZHANG Yudong (119813),252,249,1410,Jun,2019
LIU Yebo (121591),254,251,1391,Jun,2019
LEONG Chee Feng (121474),255,228,1390,Jun,2019
BOURIAH Larbi (114202),255,252,1390,Jun,2019
POLANSKY Tomas (116798),257,305,1375,Jun,2019
DHOORIA Rohan (119944),257,985,1375,Jun,2019
IRANI Dinyar (120693),259,253,1368,Jun,2019
MAMIA Thameur (111971),260,254,1365,Jun,2019
WANG Tai-Wei (121492),260,272,1365,Jun,2019
BAEK Hogyun (133717),262,223,1360,Jun,2019
ORREA Cecilio (111696),262,285,1360,Jun,2019
DANI Mudit (116758),264,351,1346,Jun,2019
ABREFA Derek (112642),265,257,1336,Jun,2019
HEN Diogo (114356),266,319,1326,Jun,2019
EVANS Callum (122122),267,286,1311,Jun,2019
SU Zhi (121594),268,153,1310,Jun,2019
SALIFOU Abdel-Kader (108204),268,465,1310,Jun,2019
HIANG Hung-Chieh (101711),270,295,1305,Jun,2019
ARTER Trent (101511),271,263,1298,Jun,2019
ABDEL-AZIZ Youssef (116723),272,265,1270,Jun,2019
FRANCO Carlos (118072),273,293,1268,Jun,2019
YARASHENKA Vadim (119038),274,266,1263,Jun,2019
GHALLAB Aly (113894),275,267,1260,Jun,2019
MAGDY Shady (113893),275,267,1260,Jun,2019
RI Kwang Myong (123077),277,306,1259,Jun,2019
MANHANI Humberto (105801),278,270,1250,Jun,2019
YIGENLER Abdullah (119585),279,309,1249,Jun,2019
VILA Isaac (112125),280,271,1241,Jun,2019
ARINOBU Taimu (114687),281,273,1239,Jun,2019
FALANA Tobi (123148),282,274,1236,Jun,2019
POSCH Lars (121077),283,283,1235,Jun,2019
JIANG Tianyi (104128),284,142,1209,Jun,2019
DELA PENA Alfred (120698),285,278,1203,Jun,2019
LI Hsin-Yang (121577),286,275,1200,Jun,2019
AL-NAGGAR Abdulrahman (118946),287,278,1195,Jun,2019
TAKAMI Masaki (119800),288,250,1192,Jun,2019
KATSMAN Lev (123282),289,406,1186,Jun,2019
IVONIN Denis (120865),290,294,1178,Jun,2019
MATHOLE Terrence (115212),291,281,1165,Jun,2019
OGILL Theo (101879),291,281,1165,Jun,2019
SHING Yoshua (108602),293,262,1156,Jun,2019
HEONG Chi Cheng (122852),294,287,1140,Jun,2019
PICCOLIN Jordy (117006),294,312,1140,Jun,2019
KIM Daewoo (119850),296,264,1135,Jun,2019
TIUTRIUMOV Aleksandr (118888),297,348,1130,Jun,2019
LOI Geoffrey (122814),298,261,1118,Jun,2019
WU Vicky (123935),298,289,1118,Jun,2019
BELROSE Alize (101039),298,290,1118,Jun,2019
ARNET Bydhir (133613),298,290,1118,Jun,2019
AZACU Alexandru (101545),302,370,1093,Jun,2019
KIZUKURI Yuto (119794),303,397,1087,Jun,2019
OLABIYI Monday (106897),304,296,1080,Jun,2019
RAVONISON Stephen (137434),304,296,1080,Jun,2019
BELROSE Ocean (101040),304,,1080,Jun,2019
MONDAL Raj (110669),307,292,1078,Jun,2019
SONE Kakeru (134316),307,333,1078,Jun,2019
SEO Hyundeok (111884),309,659,1075,Jun,2019
OBA Oba Kizito (113472),310,298,1070,Jun,2019
YAN An (113059),311,236,1059,Jun,2019
AHMADIAN Amin (123478),312,369,1053,Jun,2019
ALI Kanate (117950),313,300,1050,Jun,2019
RAKOTOARISOA Setra (131906),313,301,1050,Jun,2019
BHANJA Ronit (123385),315,426,1046,Jun,2019
DE NODREST Leo (123305),316,280,1038,Jun,2019
RISAN Adrian (101979),317,304,1035,Jun,2019
BEN ARI Omri (106948),318,308,1025,Jun,2019
RODRIGUEZ Diego (115142),319,310,1020,Jun,2019
AL-JADAI Naif (100302),320,311,1018,Jun,2019
JEVTOVIC Marko (104115),321,352,1011,Jun,2019
KELBUGANOV Timur (111591),322,328,1006,Jun,2019
MUTTI Matteo (120287),323,316,993,Jun,2019
AMATO Antonino (122067),324,318,987,Jun,2019
HEN Alexander (113914),325,313,985,Jun,2019
LAWAL Abiodun (112685),326,320,981,Jun,2019
TAUBER Michael (112361),327,321,980,Jun,2019
ZIBRAT Jan (110615),328,322,976,Jun,2019
DIDUKH Oleksandr (102242),329,396,971,Jun,2019
KALUZNY Samuel (116697),330,323,970,Jun,2019
LAI Chi-Chien (121487),331,361,955,Jun,2019
HRIBAR Peter (120162),332,452,943,Jun,2019
SUN Chia-Hung (119873),333,307,942,Jun,2019
FENG Yi-Hsin (122727),334,314,935,Jun,2019
BERGLUND Simon (115063),334,377,935,Jun,2019
LAZAZI Mohamed (110852),336,327,925,Jun,2019
JAMIU Azeez Olugbenga (104033),337,330,916,Jun,2019
LIZARAZU Eduardo (123807),338,331,910,Jun,2019
DEVOS Laurens (122001),339,365,903,Jun,2019
RI Jong Sik ^^ (132881),340,406,901,Jun,2019
TAKAKIWA Taku (109188),341,334,900,Jun,2019
ANDRE Elizandro (117937),341,334,900,Jun,2019
DINGANGA Chris (110856),341,334,900,Jun,2019
ALASSANI Soudes (124064),341,334,900,Jun,2019
RAZAFINDRALAMBO Zo (117019),341,334,900,Jun,2019
KOUASSI Ange-Aime (113473),341,334,900,Jun,2019
JOEL Mikael (137433),341,334,900,Jun,2019
KASSA Gedeon (116724),341,334,900,Jun,2019
ANTONIO Alessio (120713),341,334,900,Jun,2019
IBANEZ Italo (103831),341,334,900,Jun,2019
BABOOLALL Muhammad (131822),341,334,900,Jun,2019
TSCHANZ Cedric (133020),352,345,893,Jun,2019
ARNACHELLUM Allan (110924),352,346,893,Jun,2019
HOI Deokhwa (114614),354,413,892,Jun,2019
TIAN Ye ^^ (132616),355,648,875,Jun,2019
YOGARAJAH Akhilen (122207),356,349,870,Jun,2019
KIM Hyong Jin (132239),357,350,867,Jun,2019
PASSARA Pattaratorn (122327),358,299,855,Jun,2019
AKINDIYA Ismaila (123373),359,375,851,Jun,2019
STANKEVICIUS Medardas (116841),360,364,850,Jun,2019
AO Wei (132137),361,354,829,Jun,2019
KNIGHT Tyrese (121740),362,355,824,Jun,2019
NGUYEN Duc Tuan (134912),363,356,823,Jun,2019
XU Yingbin (131148),364,357,820,Jun,2019
ROLLAND Jules (123300),365,447,818,Jun,2019
RECH DALDOSSO Marco (107762),366,373,810,Jun,2019
HOHMEIER Nils (118672),366,471,810,Jun,2019
HELMY Mahmoud (116831),368,410,804,Jun,2019
LI Hon Ming (115548),369,332,798,Jun,2019
GUBRAN Ebrahim Abdulhakim (135910),370,359,795,Jun,2019
FEDOTOV Petr (119205),371,423,793,Jun,2019
BAGGALEY Andrew (100817),372,398,790,Jun,2019
PANG Yew En Koen (131912),373,302,785,Jun,2019
KAZEEM Makanjuola (116826),373,360,785,Jun,2019
XUE Fei (121412),375,242,777,Jun,2019
PINTO Daniele (118920),376,423,773,Jun,2019
HO Daeseong (123971),377,233,767,Jun,2019
YANG Tzu-Yi (121588),378,317,765,Jun,2019
HINBAT Erdenebayar (131982),379,366,753,Jun,2019
HAN YOOK FO Brian (102789),380,367,748,Jun,2019
TAHARA Shogo (137458),381,591,741,Jun,2019
AL-ABBAD Abdulaziz (100234),382,368,736,Jun,2019
ARTEMENKO Nikita (119199),382,473,736,Jun,2019
HODAEI Amir Hossein (131484),384,399,735,Jun,2019
ABO YAMAN Zaid (110674),385,371,730,Jun,2019
PONTOISE Jason (132955),386,372,728,Jun,2019
DJAMAL Ahmed (123784),387,375,721,Jun,2019
HOONG Javen (131932),388,378,720,Jun,2019
SULTAN Godfrey (109064),388,379,720,Jun,2019
SK. HOSSEIN Zayyan (131813),388,380,720,Jun,2019
ERFEM Tekle (137432),388,380,720,Jun,2019
REA Mick (122228),388,380,720,Jun,2019
KIASSI Regis (120787),388,380,720,Jun,2019
AHMED Mohammad (120794),388,380,720,Jun,2019
NASIRU Kazeem (106786),388,380,720,Jun,2019
BANANE Dorian (131808),388,380,720,Jun,2019
ASSOU Atarou (133661),388,380,720,Jun,2019
SAHAJASEIN Ryan (137429),388,380,720,Jun,2019
LUKATIKISU Beni (112888),388,380,720,Jun,2019
ESTHER Nicholas (120757),388,380,720,Jun,2019
DESSCANN Ryan (131815),388,380,720,Jun,2019
NTUMBA NGELEKA Christian (110860),388,380,720,Jun,2019
MBONGIA Christian (134971),388,380,720,Jun,2019
SOUNOU Ferdinand (115163),388,380,720,Jun,2019
BRINGAUD Andy (133693),388,380,720,Jun,2019
REMBERT Bastien (122095),406,324,718,Jun,2019
PUTUNTICA Andrei (117865),407,535,716,Jun,2019
KASHIWA Takeru (123882),408,450,710,Jun,2019
KIM Byunghyeon (123057),409,474,705,Jun,2019
HEW Zhe Yu Clarence (113395),410,485,700,Jun,2019
JI Jiale (122877),411,402,699,Jun,2019
MASIP Joan (120872),412,486,698,Jun,2019
BOULOUSSA Mehdi (113679),413,403,693,Jun,2019
ABALLERO Carlos (120052),414,460,688,Jun,2019
MARTINKO Jiri (120267),415,405,683,Jun,2019
KIM Jin Su (115780),416,406,676,Jun,2019
LARA Miguel (113070),417,329,675,Jun,2019
POH Shao Feng Ethan (120318),417,404,675,Jun,2019
GREBENIUK Andrii (133953),419,412,668,Jun,2019
MATSUDAIRA Kenji (111033),420,461,666,Jun,2019
SANTOSO Ficky (112040),421,401,665,Jun,2019
YADAV Abhishek (112860),422,469,661,Jun,2019
PICIULIN Gabriele (122047),423,590,658,Jun,2019
HAMIE Mohamad (120239),424,415,655,Jun,2019
ICHINOSE Takumi (137724),424,531,655,Jun,2019
AJI Donny (116926),426,411,650,Jun,2019
BU SHULAYBI Abdulaziz (115118),427,490,648,Jun,2019
RO Kwang Jin (132237),428,416,643,Jun,2019
NOROOZI Afshin (106784),429,409,640,Jun,2019
MANUEL Domingos (110929),429,417,640,Jun,2019
TABACHNIK Pablo (109151),429,417,640,Jun,2019
LESIV Rimas (116840),432,358,638,Jun,2019
TAZOE Kenta (113340),433,362,637,Jun,2019
ALI Omar (110989),434,419,633,Jun,2019
SODERLUND Simon (118962),435,420,631,Jun,2019
KIM Song Gun (132883),436,421,629,Jun,2019
HMAM Adam (103621),437,422,624,Jun,2019
XIAO Zikang (123343),438,427,620,Jun,2019
UDRA Alfredas (111219),438,428,620,Jun,2019
LEE Chia-Sheng (114123),440,425,617,Jun,2019
KOVACS Sebestyen (114859),441,536,610,Jun,2019
NAUMI Alex (120674),442,352,601,Jun,2019
BERTRAND Irvin (119092),443,315,600,Jun,2019
BRODD Viktor (112073),443,430,600,Jun,2019
JIMENEZ Ricardo (115232),445,431,594,Jun,2019
MICHELY Gilles (106095),446,432,590,Jun,2019
PANDE Siddhesh (123221),446,622,590,Jun,2019
KOLAREK Tomislav (104774),446,655,590,Jun,2019
SUN Zheng (136587),449,433,586,Jun,2019
ZHU Shusheng (136615),449,433,586,Jun,2019
SINGEORZAN Bogdan (120093),451,586,583,Jun,2019
KEINATH Thomas (104462),452,495,582,Jun,2019
TESHABOEV Kutbidillo (115060),453,438,580,Jun,2019
KUBIK Maciej (131671),454,503,576,Jun,2019
GREBNEV Maksim (123931),454,504,576,Jun,2019
SILVA Andre (108667),456,572,575,Jun,2019
YEH Chih-Wei (112599),456,808,575,Jun,2019
ALBALUSHI Salah (118108),458,440,570,Jun,2019
MACHI Asuka (111826),459,,565,Jun,2019
NGUYEN Van Ngoc (123494),460,441,563,Jun,2019
FRANKLIN Christopher (102827),461,444,556,Jun,2019
YEFIMOV Viktor (110367),461,475,556,Jun,2019
DARCIS Thibaut (119037),463,477,551,Jun,2019
NIU Guankai (134239),464,439,550,Jun,2019
HERNOV Konstantin (115048),465,442,548,Jun,2019
BIZAKU Jonathan (112889),466,446,545,Jun,2019
ANGELAKIS Konstantinos (116675),467,448,541,Jun,2019
HOI Inhyeok (132171),468,303,540,Jun,2019
ANDERSSON Harald (112738),468,449,540,Jun,2019
AUBRY Ronan (132167),468,450,540,Jun,2019
VILCHEZ Miguel (116213),471,587,536,Jun,2019
SIMON Mathan (116839),472,453,533,Jun,2019
ZHAMAL Bekulan (117893),472,484,533,Jun,2019
SADAMATSU Yusuke (131365),474,454,530,Jun,2019
SPANIK Tibor (120284),474,530,530,Jun,2019
BRITTON Shemar (122503),476,456,526,Jun,2019
ASSIN Alexandre (117003),477,277,525,Jun,2019
NAYRE Jann Mari (123864),477,457,525,Jun,2019
MOSANGSINH Sonpasith (132869),477,458,525,Jun,2019
QURESHI Asim (107635),477,458,525,Jun,2019
OUAICHE Stephane (113685),481,749,520,Jun,2019
HAUG Borgar (131211),482,374,513,Jun,2019
QIU Liang (114928),483,496,511,Jun,2019
XU Haidong (133893),484,454,510,Jun,2019
SHUSTERMAN Yonatan (123948),484,462,510,Jun,2019
BAUM Patrick (100982),484,463,510,Jun,2019
DIAW Ibrahima (113681),484,,510,Jun,2019
KLOS Patrik (120265),488,464,508,Jun,2019
DEGROS Nicolas (131376),489,500,505,Jun,2019
FRIEDRICH Christian (121857),490,572,500,Jun,2019
ADEYINKA Hammed (114704),491,466,496,Jun,2019
DOWELL Mark (102367),492,467,493,Jun,2019
SMITH Marcus (121741),492,467,493,Jun,2019
GRININGER Thomas (118665),492,569,493,Jun,2019
MONTUFAR Kevin (112713),495,400,488,Jun,2019
GONZALEZ Yomar (116421),496,472,483,Jun,2019
YIANGOU Marios (110768),497,476,470,Jun,2019
TSUBOI Yuma (120851),497,579,470,Jun,2019
BORO Birdie (119536),497,756,470,Jun,2019
PIERAERT Valentin (121025),500,542,468,Jun,2019
RANASINGHA Imesh (117903),501,478,465,Jun,2019
SIRISENA Rohan (108728),501,479,465,Jun,2019
LIU Victor (122426),503,480,463,Jun,2019
NIKULIN Ivan (120602),504,786,458,Jun,2019
BLAS Bryan (101168),505,481,453,Jun,2019
NAVAS Marco (106600),506,482,450,Jun,2019
GANDHI Sarthak (117032),506,482,450,Jun,2019
GROVER Sudhanshu (117350),508,630,448,Jun,2019
SON Suk Hyun (132008),509,559,445,Jun,2019
KWAK Yu Bin (132696),509,561,445,Jun,2019
FRANCISCO Jose Pedro (122843),511,555,440,Jun,2019
GIARDI Federico (121073),512,556,438,Jun,2019
MA Jinbao ^^ (135745),513,625,437,Jun,2019
MCBEATH David (112284),514,488,435,Jun,2019
ZELJKO Filip (116680),514,855,435,Jun,2019
KANG Wi Hun (117800),516,492,430,Jun,2019
TENNILA Otto (113134),516,492,430,Jun,2019
AJULO Olakunle (100211),518,494,429,Jun,2019
KWAN Man Ho (115545),519,967,428,Jun,2019
VALENZUELA David (122683),520,608,425,Jun,2019
MEISSNER Cedric (133455),520,651,425,Jun,2019
HEN Shuainan ^^ (135675),520,755,425,Jun,2019
HO Jaejun (113391),520,,425,Jun,2019
KAPOLNEK Narayan (123281),524,537,421,Jun,2019
SODERLUND Hampus (112075),525,429,420,Jun,2019
VLASOV Grigory (109865),525,498,420,Jun,2019
RAMEEZ Muhammad (112677),525,499,420,Jun,2019
AHMED Moosa (100196),525,500,420,Jun,2019
AL-MOHANNADI Ahmad Khalil (137380),529,502,411,Jun,2019
BERARDI Mattia (113289),530,576,410,Jun,2019
BENITO Javier (114353),530,645,410,Jun,2019
GUSEV Arseniy (120848),532,504,406,Jun,2019
WANG Xinyang (136996),532,504,406,Jun,2019
WANG Shaobo (136995),532,504,406,Jun,2019
ABDULLAHI Abdulrahman (123121),532,504,406,Jun,2019
TIJANI Yusuff Adewale (123177),532,504,406,Jun,2019
AKANBI Rilwan (123128),532,504,406,Jun,2019
SHEN Zhesong (137540),532,504,406,Jun,2019
HASSAN Nurudeen (123153),532,504,406,Jun,2019
OMOTARA Ayo (123169),532,504,406,Jun,2019
OYETAYO Sola (123172),532,504,406,Jun,2019
SOLANKE Azeez (123175),532,504,406,Jun,2019
LIU Jialiang (136994),532,504,406,Jun,2019
AYANWALE Jamiu (133734),532,504,406,Jun,2019
OMEH Amadi (132026),532,504,406,Jun,2019
OGINI Olasunkanmi (120025),532,504,406,Jun,2019
OLADIRAN Joshua (120026),532,504,406,Jun,2019
LIU Jia (137546),532,504,406,Jun,2019
ANDRAS Csaba (123019),549,525,405,Jun,2019
LEHMANN Matthew (121097),549,709,405,Jun,2019
DOAN Ba Tuan Anh (115791),551,528,403,Jun,2019
HAPLYGIN Maxim (118890),551,650,403,Jun,2019
KODJABASHEV Denislav (112950),553,634,398,Jun,2019
PARK Gyeongtae (123976),554,969,397,Jun,2019
HEN Chun-Hsiang (121483),555,526,395,Jun,2019
ZHANG Kai ^ (122585),556,708,391,Jun,2019
AVI-TAL Omer (111509),557,532,390,Jun,2019
ALDMAISY Zeyad (114323),557,539,390,Jun,2019
KUCERA Stanislav (120266),559,540,388,Jun,2019
ABUSEV Artur (120314),560,529,385,Jun,2019
WETZEL Adrian (122674),560,824,385,Jun,2019
SHAMRUK Gleb (114976),562,541,384,Jun,2019
OGIDAN Kehinde (137146),563,542,383,Jun,2019
AUGUSTINE Emmanuel (133732),563,542,383,Jun,2019
OLANIYI Olawale (131824),563,542,383,Jun,2019
FAYELE David (123151),563,542,383,Jun,2019
ETIM Orok (133746),563,542,383,Jun,2019
AGBAJE Shamusi (137010),563,542,383,Jun,2019
FAGBAMILA Akinwale (118702),563,542,383,Jun,2019
RIOFRIO Emiliano (120896),563,551,383,Jun,2019
VILLEGAS Joaquin (113761),571,552,380,Jun,2019
RONDON Juan Damian (111017),571,552,380,Jun,2019
MONGIUSTI Mattias (132196),573,593,378,Jun,2019
PAPAGEORGIOU Konstantinos (107138),574,554,375,Jun,2019
TSAI Chun-Yu (121490),574,662,375,Jun,2019
MLADIN Paul (132217),574,733,375,Jun,2019
SEMENOV Andrey (115054),577,624,373,Jun,2019
RAMOS Julian (107707),578,557,370,Jun,2019
AL-MANDHARI Haitham (134816),578,558,370,Jun,2019
AMIRI NIA Soroosh (116748),578,855,370,Jun,2019
LEVAJAC Dimitrije (123192),578,855,370,Jun,2019
NORDBERG Hampus (106777),582,414,360,Jun,2019
WING Philip (121015),582,560,360,Jun,2019
LIU Yu (137287),582,561,360,Jun,2019
XU Chenhao (117343),582,561,360,Jun,2019
ASAZU Aoto (122387),582,561,360,Jun,2019
JUHASZ Patrik (123018),582,568,360,Jun,2019
FUJIMURA Tomoya (120232),588,570,355,Jun,2019
SANCHI Francisco (117530),589,571,350,Jun,2019
SILVA Diogo (108671),589,572,350,Jun,2019
GACEV Aleksa (123204),591,863,345,Jun,2019
BELKADI Aissa (101031),592,577,343,Jun,2019
HUANG Yan-Cheng (124572),593,,340,Jun,2019
OH Minseo (122764),593,,340,Jun,2019
ZHANG Haipu (137549),595,580,339,Jun,2019
TORRES Derek ^^ (135787),596,581,336,Jun,2019
ISAKOV Ilya (120771),597,638,335,Jun,2019
RUKLIATSOU Uladzislau (122679),598,583,331,Jun,2019
SUN Wen (137733),599,584,330,Jun,2019
KISELEV Maksim (120864),600,585,323,Jun,2019
LOCKWARD Mariano (122537),601,588,320,Jun,2019
RASOLOMALALA Rado (132838),601,589,320,Jun,2019
VAHNISH Jacobo (122894),601,808,320,Jun,2019
RUIZ Romain (116641),601,808,320,Jun,2019
IPIN Filip (112451),605,713,318,Jun,2019
GHAZAL Qudus (137013),606,591,316,Jun,2019
LUPULESKU Lorencio (110819),607,906,313,Jun,2019
WIKKRAMARATHNA Rashmika Krishan (134137),608,594,310,Jun,2019
MORAZAN Alfredo (123375),608,594,310,Jun,2019
MILLAN Angelo (123572),608,594,310,Jun,2019
BRYAN Nigel (114389),608,594,310,Jun,2019
KONSTANTINOPOULOS Giorgos (114028),608,660,310,Jun,2019
GIROD Dorian (131676),608,666,310,Jun,2019
WYKES Jordan (122165),614,599,308,Jun,2019
WU Jiaji ^ (117330),615,600,305,Jun,2019
GUL Ali Afsin (131483),615,601,305,Jun,2019
PETKOV Marko (111828),615,601,305,Jun,2019
ALEXANDROV Teodor (112952),618,603,303,Jun,2019
YEUNG Terence (121166),619,604,301,Jun,2019
KORIYAMA Hokuto (123846),620,347,300,Jun,2019
HUANG Chien-Tu (119603),620,443,300,Jun,2019
MABEY Samuel (118838),620,605,300,Jun,2019
KIPPEL Viggo (120096),620,606,300,Jun,2019
OEHME Benno (136567),620,863,300,Jun,2019
SURAVAJJULA Snehit (123680),620,,300,Jun,2019
PANAGITGUN Yanapong (120937),626,582,295,Jun,2019
BERNADET Antoine (120282),626,607,295,Jun,2019
PINHO Diogo (107429),626,608,295,Jun,2019
KONSTANTINOPOULOS Konstantinos (114027),626,610,295,Jun,2019
RASSENFOSSE Adrien (123659),626,691,295,Jun,2019
ELETU Taiwo (137076),631,611,293,Jun,2019
ABIOLA Kaminu Ademola (123125),631,611,293,Jun,2019
AYODELE Idowu (137077),631,611,293,Jun,2019
OLORUNTADE Adeola (123168),631,611,293,Jun,2019
OLADELE Kehinde (123165),631,611,293,Jun,2019
ADENIYI Kazeem (100126),631,611,293,Jun,2019
HANDRA Jeet (123386),637,883,290,Jun,2019
MARTINEZ Guillermo (117001),638,623,288,Jun,2019
ORAC Daniel (121871),638,694,288,Jun,2019
SORIA Javier (122277),640,628,280,Jun,2019
ROSSI Carlo (120285),640,913,280,Jun,2019
KANOYA Ryohei (123262),642,629,279,Jun,2019
HWANG Jinha (133699),643,1018,275,Jun,2019
KANG Dongsoo (120845),643,1018,275,Jun,2019
RO Hyon Song (132238),645,973,271,Jun,2019
SWARTENBROUCKX Gaetan (121510),646,632,270,Jun,2019
THIMON Jonathan (123568),646,632,270,Jun,2019
TODOROV Stefan (121682),648,635,265,Jun,2019
OMELIAU David (123660),648,735,265,Jun,2019
PARK Minjun (133706),648,735,265,Jun,2019
TAZOE Hibiki (136114),651,363,255,Jun,2019
KIM Jangwon (123974),651,611,255,Jun,2019
DINH Quang Linh (102272),651,637,255,Jun,2019
JAIN Payas (131917),651,756,255,Jun,2019
VETKO Tilen (120157),651,,255,Jun,2019
FENG Yijun (119021),656,627,250,Jun,2019
NUNEZ Miguel (131782),656,638,250,Jun,2019
SPELBUS Alin (114719),656,773,250,Jun,2019
ATSUYA Takeshi (119257),659,640,249,Jun,2019
RADOVIC Filip (119579),660,778,248,Jun,2019
ZELINKA Jakub (121869),661,908,246,Jun,2019
HAVEZ Johan (115141),662,735,245,Jun,2019
REBETEZ Yoan (131845),662,735,245,Jun,2019
BEN-ARI Aviv (121060),664,642,243,Jun,2019
NADOLNYY Yuriy (122367),664,1085,243,Jun,2019
PURKANI Luki Muhammad (131896),666,636,240,Jun,2019
KRASTEV Petyo (114005),666,643,240,Jun,2019
ATHCART Owen (122642),666,644,240,Jun,2019
LAVERGNE Paul (105098),666,646,240,Jun,2019
HIN Wen Jie (132193),666,646,240,Jun,2019
AL BALUSHI Muhannad (132462),671,649,235,Jun,2019
BURGOS Nicolas (133441),671,,235,Jun,2019
AKERSTROM Fabian (100217),671,,235,Jun,2019
HUA Josh Shao Han (133850),674,754,230,Jun,2019
HRISTONOV Hristo (115541),675,652,229,Jun,2019
YESSI Ilyes (137331),676,653,228,Jun,2019
VAINULA Vallot (109691),677,489,225,Jun,2019
KAKITSUKA Masato (117354),677,656,225,Jun,2019
MATKOVIC Luka (122631),677,657,225,Jun,2019
MEDINA Jan (113509),677,658,225,Jun,2019
AITAHUNOV Abdyljan (144107),677,661,225,Jun,2019
EKIC Irfan (113446),677,662,225,Jun,2019
GAVILAN Axel (111730),677,662,225,Jun,2019
HEAIB Dauud (120133),677,665,225,Jun,2019
HOJNOWSKI Patryk (101781),677,667,225,Jun,2019
SMIRNOV Aleksandr (108779),677,668,225,Jun,2019
URSU Vladislav (122320),677,669,225,Jun,2019
HETHERINGTON Matthew (103585),677,670,225,Jun,2019
GHOSH Arjun (121912),689,491,223,Jun,2019
TAFFE Yanick (133016),689,787,223,Jun,2019
KENZHIGULOV Aidos (131150),689,918,223,Jun,2019
ALRAISI Asad (132918),692,671,220,Jun,2019
SAI Linwei (135674),692,671,220,Jun,2019
XIANG Peng (135888),692,671,220,Jun,2019
YU Heyi (133828),692,671,220,Jun,2019
ALBALOOSHI Abdulla (116709),692,676,220,Jun,2019
SAGYNDYKOV Talgat (112302),692,676,220,Jun,2019
SHRESTHA Santoo (132915),692,676,220,Jun,2019
MAJSTOROVIC Ilija (114874),692,855,220,Jun,2019
KATIC Ivor (114985),692,855,220,Jun,2019
SHIMOYAMA Yuki (137784),701,679,219,Jun,2019
SARSEMBAYEV Dias (115924),702,682,218,Jun,2019
KREANGA Kalinikos (104892),702,683,218,Jun,2019
HOUAIEB Dawoud (137356),704,684,216,Jun,2019
TEJADA Abit (132114),704,684,216,Jun,2019
UEZU Koji (122021),704,684,216,Jun,2019
BOURBEH Arbi (137323),704,684,216,Jun,2019
BRAT Adam (116551),704,961,216,Jun,2019
ISSA Victor (117864),709,689,215,Jun,2019
DAISH Matthew (135656),709,,215,Jun,2019
DOOKRAM Yuvraaj (124253),711,690,213,Jun,2019
REPULJA Bojan (111827),712,877,210,Jun,2019
DE LAS HERAS Rafael (133042),713,692,205,Jun,2019
HUBERTY Dennis (132214),713,883,205,Jun,2019
SANDSTROM Per (131123),715,538,203,Jun,2019
DILLING Andreas (120099),715,693,203,Jun,2019
VILLANUEVA Nelson (121953),715,694,203,Jun,2019
DE SAINTILAN Mathieu (134439),715,694,203,Jun,2019
HIDALGO Rodrigo (122607),719,700,200,Jun,2019
MERZLIKIN Taras (106062),719,700,200,Jun,2019
JEAN Lauric (104087),721,703,195,Jun,2019
FRIIS Martin (122043),721,704,195,Jun,2019
BEH Kun Ting (123578),721,985,195,Jun,2019
STRUGAREVIC Nikola (121711),721,,195,Jun,2019
AL-DHUBHANI Muneer (113400),725,705,194,Jun,2019
SEO Hongchan (133577),726,1018,190,Jun,2019
MURAI Kei (137786),727,710,189,Jun,2019
LI Jian ^^ (132554),727,710,189,Jun,2019
REINHOLDS Arturs (107791),729,534,188,Jun,2019
TOMLINSON Simon (113839),730,714,186,Jun,2019
FARLEY Kevin (102680),730,715,186,Jun,2019
JU Mingwei ^^ (135749),730,715,186,Jun,2019
MANOLE Alexandru (118847),733,1046,185,Jun,2019
WATSON Kane (110035),734,722,183,Jun,2019
HUMPHREYS Curtis (103778),734,723,183,Jun,2019
DELEPINE Samuel ^^ (134405),734,723,183,Jun,2019
TAO Wenzhang ^^ (117340),737,700,180,Jun,2019
ZANDECKI Jan (123905),737,730,180,Jun,2019
LULU Ham (105604),737,731,180,Jun,2019
TAUCOORY Rhikesh (109290),737,731,180,Jun,2019
MUTYGULLIN Ramil (113130),737,733,180,Jun,2019
LEE Gihun (133839),737,735,180,Jun,2019
XIA Yizheng (122804),737,735,180,Jun,2019
KLEPRLIK Jakub (104690),737,735,180,Jun,2019
KOSOLOSKY Olav (123560),737,735,180,Jun,2019
LAWSON-GAIZER Fessou (105109),737,735,180,Jun,2019
REUSEAU Nicolas (118491),737,735,180,Jun,2019
ENDO Ryoma (137723),737,735,180,Jun,2019
PARK Changgeon (137726),737,735,180,Jun,2019
KULCZYCKI Samuel (121031),737,735,180,Jun,2019
GIRALDO Juan (113734),737,735,180,Jun,2019
HEN Baiyu ^^ (124397),752,750,176,Jun,2019
DIELISSEN Marc (102245),753,751,175,Jun,2019
AYUSO Angel (133033),753,751,175,Jun,2019
MAVOUNGOU Benoit (105955),753,753,175,Jun,2019
TAN Lucas (122546),753,907,175,Jun,2019
SALLAH DUSE Maurice (108209),757,756,170,Jun,2019
LEVCHENKO Gennadiy (123080),757,756,170,Jun,2019
AL-HASAN Ibrahem (100291),757,756,170,Jun,2019
AL-BALHAN Jaber (116737),757,756,170,Jun,2019
AL-HASAN Salem (110965),757,756,170,Jun,2019
HAN Qiyao ^^ (143754),757,756,170,Jun,2019
MORATO Adrian (116636),757,756,170,Jun,2019
ALMUGHANNE Fahed (100329),757,756,170,Jun,2019
EL HAKIM Rock (115722),757,756,170,Jun,2019
AL-SADA Abdulla (100352),757,756,170,Jun,2019
ALAWLAQI Ahmed (100189),757,756,170,Jun,2019
FLORITZ Philipp ^^ (113251),757,756,170,Jun,2019
AL-HAJAJI Abdulaziz (118947),757,756,170,Jun,2019
ALRASHIDI Marzooq (116703),757,756,170,Jun,2019
YU Zong Jun Gerald (123577),757,1085,170,Jun,2019
LI Hsin-Yu (132820),757,,170,Jun,2019
TAI Ming-Wei (122724),757,,170,Jun,2019
JUNG Younghun (124221),757,,170,Jun,2019
PARK Jeongwoo (115561),757,,170,Jun,2019
SHAH Manush Utpalbhai (131879),757,,170,Jun,2019
HEON Minhyuck (114485),757,,170,Jun,2019
STANOJKOVSKI Kristijan (114733),778,772,167,Jun,2019
SRIRAM Sushmit (117031),779,445,166,Jun,2019
SHINOZUKA Hiroto (134442),780,774,165,Jun,2019
ZENG Beixun (135919),780,774,165,Jun,2019
QUAN Kaiyuan (135886),780,774,165,Jun,2019
ULFARSSON Magnus (124132),783,575,163,Jun,2019
BEN YAHIA Kerem (116916),783,777,163,Jun,2019
ANSARI Mahammad Ibrahim (135258),783,779,163,Jun,2019
ALLEYNE Joel (123090),786,780,160,Jun,2019
PALOU Pablo (131861),786,780,160,Jun,2019
MAHMUTI Kreshnik (134000),786,782,160,Jun,2019
YU Di ^^ (132571),789,783,159,Jun,2019
TOKUSHIMA Tsuyoshi (137785),789,783,159,Jun,2019
SKUCAS Matas (112413),791,785,158,Jun,2019
LABANAU Andrei (119127),791,787,158,Jun,2019
GERASSIMENKO Alexandr (111592),791,787,158,Jun,2019
LIMONOV Anton (124147),791,787,158,Jun,2019
ALBLOOSHI Essa (131380),791,791,158,Jun,2019
JARGALSAIKHAN Munkhzorig (114624),791,791,158,Jun,2019
GUBRAN Fahd (103288),791,791,158,Jun,2019
MYANDAL Temuulen (124260),791,791,158,Jun,2019
NAVEDO Jose ^^ (132663),799,795,156,Jun,2019
HEN Bowen ^^ (121190),799,795,156,Jun,2019
WANG Jinxin ^ (132547),799,795,156,Jun,2019
LIU Dan ^ (121226),799,795,156,Jun,2019
XU Kaden (137800),799,795,156,Jun,2019
LAFFINEUR Louis (131756),804,920,155,Jun,2019
KARABAXHAK Fatih (133999),805,800,154,Jun,2019
VICTORIN Christian ^^ (134406),806,801,153,Jun,2019
LEIBOVITZ Tahl (105233),806,802,153,Jun,2019
JAMES Jermaine (119416),806,802,153,Jun,2019
ZAVADSKYI Ihor (136126),806,802,153,Jun,2019
GRAIGNON Maxime (137636),806,802,153,Jun,2019
MARSH Christopher (105854),806,802,153,Jun,2019
ECHEVARRIA Sebastian (121435),812,807,151,Jun,2019
ANDERSEN Martin (131176),813,808,150,Jun,2019
HJORT Anton ^^ (135832),813,808,150,Jun,2019
JANG Hanjae (132804),813,808,150,Jun,2019
KRASKOVSKII Aleksandr (120117),813,808,150,Jun,2019
VILARDELL Albert (131723),813,808,150,Jun,2019
LEGUISTIN Enzo (135025),813,808,150,Jun,2019
SOINE Samuli (108826),813,808,150,Jun,2019
RUIZ Francisco Miguel (122276),813,808,150,Jun,2019
MORO Alberto (123504),813,808,150,Jun,2019
SANCHEZ Alfredo (134095),813,808,150,Jun,2019
GUTIERREZ Marc (131779),813,808,150,Jun,2019
SANTOMAURO Fabio (108293),813,808,150,Jun,2019
KARTUZOVS Olegs (104393),813,823,150,Jun,2019
GARYAGDYYEV Emir (143592),813,825,150,Jun,2019
KOSTOVSKI Petar (135460),813,826,150,Jun,2019
RADULOVIC Filip (124140),813,827,150,Jun,2019
MOLINO MOSANTU Spc (143691),813,828,150,Jun,2019
KOUADJO Yann Emmanuel (120788),813,829,150,Jun,2019
GYKA Ergie (143689),813,830,150,Jun,2019
MOUMJOGHLIAN Avo (106394),813,831,150,Jun,2019
KHANIYA Binesh (119928),813,832,150,Jun,2019
MAHARJAN Sunil (144214),813,833,150,Jun,2019
HANG Hoi Wa (111091),813,834,150,Jun,2019
NATIVEL Jonathan (118983),813,835,150,Jun,2019
JIMENEZ Jair (121291),813,836,150,Jun,2019
TAPIA Rodrigo (113536),813,837,150,Jun,2019
ZAHOOR Faizan (132122),813,838,150,Jun,2019
AMERON Niall (101459),813,839,150,Jun,2019
HASHIMLI Khayal (117843),813,840,150,Jun,2019
IVARSSON Birgir (135270),813,841,150,Jun,2019
REINHOLDS Dainis (107792),813,842,150,Jun,2019
AHMEDOV Rashid (100199),813,843,150,Jun,2019
MORRISON Calum (124143),813,844,150,Jun,2019
AHMEDOV Ravil (113658),813,845,150,Jun,2019
MAGUIRE Gavin (112663),813,845,150,Jun,2019
ALICIC Armin (115801),813,847,150,Jun,2019
BOCCARD Sam (133352),813,935,150,Jun,2019
BARIUS Johan (131124),813,,150,Jun,2019
MA Victor (116470),851,848,146,Jun,2019
IOCIU Traian (101847),852,849,145,Jun,2019
IAKUPBAEV Alisher (103826),853,850,140,Jun,2019
MALLA Amar (100510),853,850,140,Jun,2019
LE Dingh Duc ^^ (137298),853,850,140,Jun,2019
BARDET Lilian (122002),856,578,138,Jun,2019
POPOVIC Marko (118690),856,1085,138,Jun,2019
NAGY Krisztian (106542),858,853,135,Jun,2019
TIMAFALVI Gergo (121862),858,854,135,Jun,2019
DO Phuong Nam (113325),858,855,135,Jun,2019
BOTH Oliver (123017),858,855,135,Jun,2019
TYMOFIEIEV Oleksandr (117880),858,855,135,Jun,2019
HO Eonrae (101747),863,437,132,Jun,2019
GUERRICABEITIA Jon Ander (133034),864,863,130,Jun,2019
TOMA Danilo (112176),864,863,130,Jun,2019
PETER Ingemar (114712),864,,130,Jun,2019
ALVARADO Matias (144750),864,,130,Jun,2019
BAN Ivor (122982),864,,130,Jun,2019
MARINKOVIC Nikola (120251),864,,130,Jun,2019
UNDY Dean (121532),864,,130,Jun,2019
NEUMANN Layan (134774),864,,130,Jun,2019
PERCAN KINDBLAD Willhelm ^^ (135434),864,,130,Jun,2019
NIU Jiang ^^ (135804),873,867,129,Jun,2019
BU Alexander (119033),873,868,129,Jun,2019
NARANJO Angel (131446),875,869,126,Jun,2019
FUJIKI Shoji (137783),875,869,126,Jun,2019
TRAN Michael Minh (119508),875,869,126,Jun,2019
KITAGUCHI Daisuke ^^ (134454),875,869,126,Jun,2019
TORRES Jabdiel (135305),875,869,126,Jun,2019
BRYAND Joris (137787),875,869,126,Jun,2019
RINIOTIS Anastasios (107893),881,876,125,Jun,2019
ASTRO Lidney ^^ (101537),882,878,123,Jun,2019
YOU Jie (137794),882,878,123,Jun,2019
DUBINA Samson (102399),882,878,123,Jun,2019
XU Tommy (123595),882,878,123,Jun,2019
SICARD Luc (123743),882,878,123,Jun,2019
MORADABBASI Pedram ^ (131195),887,869,120,Jun,2019
VETVIK Finn (131217),887,883,120,Jun,2019
OCONNOR Miikka (114020),887,883,120,Jun,2019
ANDERSSON Anton (134650),887,883,120,Jun,2019
WANG Yimu ^^ (137628),887,883,120,Jun,2019
JANG Seongil (132172),887,883,120,Jun,2019
OSIRO Pedro (131673),887,883,120,Jun,2019
HAUKEDALEN Anders (137500),887,883,120,Jun,2019
WANGGREN Albin (137262),887,883,120,Jun,2019
JORMANAINEN Jani (104214),887,883,120,Jun,2019
SHEVNIN Semen (134848),887,883,120,Jun,2019
HRISTENSEN Thor (131406),887,883,120,Jun,2019
NETTARP Bruno (133310),887,883,120,Jun,2019
LINDMAE Erik (114017),887,883,120,Jun,2019
SOINE Toni (108827),887,883,120,Jun,2019
VALERO Javier (123830),887,883,120,Jun,2019
KENZHIGULOV Dastan (123230),887,883,120,Jun,2019
VALASTI Veeti (131197),887,883,120,Jun,2019
LILLO Alberto (123829),887,883,120,Jun,2019
FLAOIEN Jonas (137499),887,883,120,Jun,2019
VANNUCCI Marco (109746),887,883,120,Jun,2019
ROSEN Ture (137730),887,883,120,Jun,2019
ROZHKOV Mikhail (134846),909,910,113,Jun,2019
PECH Seth (116080),909,910,113,Jun,2019
OLUYOMI Salako (120885),911,912,111,Jun,2019
MIRALMASI Amin (110959),912,526,110,Jun,2019
SEDUVEM Joao (114358),912,913,110,Jun,2019
HEN Yung-Hsun (137851),912,913,110,Jun,2019
VEGA Luis (144749),912,,110,Jun,2019
SANGLERTSILPACHAI Thyme (123874),916,993,100,Jun,2019
HENG Hao-Huan (136628),916,1047,100,Jun,2019
KIM Munsu (135371),916,1047,100,Jun,2019
BHAGWANI Deepash (122307),919,909,93,Jun,2019
KOTOWSKI Tomasz (118846),919,917,93,Jun,2019
HEONG Chi Chon (134980),919,918,93,Jun,2019
KOSTADINOVIC Stefan (135304),919,1084,93,Jun,2019
FLEMMING Veikka (119169),923,631,90,Jun,2019
BERNER Sondre (124435),923,920,90,Jun,2019
MIETTINEN Esa (111935),923,920,90,Jun,2019
LAANE Lauri (105008),923,920,90,Jun,2019
BABSVIK Marlone (137729),923,920,90,Jun,2019
RISSANEN Patrik (119172),923,920,90,Jun,2019
PAE Mihkel (119159),923,920,90,Jun,2019
SINKEVYCH Bohdan (119261),923,920,90,Jun,2019
PONS Arnau (131724),923,920,90,Jun,2019
STEIF Noah (131440),923,920,90,Jun,2019
OJALA Matias (132289),923,920,90,Jun,2019
BLAD Samuel (137728),923,920,90,Jun,2019
PIHKALA Arttu (131196),923,920,90,Jun,2019
GRIXTI Gabriel (122182),936,933,86,Jun,2019
SAHA Sourav (108146),937,934,85,Jun,2019
SHOUMAN Mohamed (111887),937,935,85,Jun,2019
HERRANZ Gonzalo (123411),937,935,85,Jun,2019
BAILON Daniel (135651),937,935,85,Jun,2019
ELHAKEM Karim (121452),937,935,85,Jun,2019
GUPTA Utkarsh (115917),937,935,85,Jun,2019
KOTB Moatazbellah (123000),937,935,85,Jun,2019
SIKORSKI Jerzy Waclaw (144105),937,935,85,Jun,2019
ALVAREZ Moises (112756),937,935,85,Jun,2019
ZHAO Tianming ^^ (131717),937,935,85,Jun,2019
FARID Ahmed (117415),937,935,85,Jun,2019
AL KHARUSI Al Julanda (122190),937,935,85,Jun,2019
SHARAFELDIN Ahmed (131391),937,935,85,Jun,2019
ZAYED Ahmed (105718),937,935,85,Jun,2019
KORDOUTIS Dimitris (123196),937,935,85,Jun,2019
PALACIOS Daniel (123257),937,935,85,Jun,2019
KHADER Khaled (122800),937,935,85,Jun,2019
HOSHI Shota (133351),937,,85,Jun,2019
HUANG Yu-Jen (134022),937,,85,Jun,2019
SLATINSEK Uros (108758),937,,85,Jun,2019
KOH Dominic Song Jun (133853),937,,85,Jun,2019
TEPIC Pero (131126),937,,85,Jun,2019
PUTHIKUNGASERN Veerapat (122332),959,1047,80,Jun,2019
RODRIGUEZ Ingi Darvis (134200),960,952,75,Jun,2019
SAGYNDYKOV Talant (144104),960,953,75,Jun,2019
STACEY Joshua (123766),960,954,75,Jun,2019
NEGARA Muhammad (122299),963,916,70,Jun,2019
BATKHISHIG Bilegt (114622),963,955,70,Jun,2019
VONGDALASINH Seng Arthid ^^ (135535),963,956,70,Jun,2019
LAGHA Chouayb (120018),963,956,70,Jun,2019
SHAFFAN Mohamed (134910),963,956,70,Jun,2019
PUANGTHIP Sirawit (120928),963,956,70,Jun,2019
ENKHBAT Lkhagvasuren (105508),963,956,70,Jun,2019
ASARES Rafael (120053),970,962,65,Jun,2019
SIMONET Nicolas (122012),970,962,65,Jun,2019
LIMANIS Kristaps (137867),970,962,65,Jun,2019
PAPADAKIS Ioannis (115079),970,962,65,Jun,2019
ROMEU Emilio (118766),970,962,65,Jun,2019
SANGPAO Komgrit (120927),970,1085,65,Jun,2019
KOTOV Anton (120978),970,,65,Jun,2019
DUFFOO Felipe (122610),970,,65,Jun,2019
KIM Jaeyun (144815),970,,65,Jun,2019
BACIOCCHI Alessandro (114865),970,,65,Jun,2019
BANEK Mario (122110),970,,65,Jun,2019
FUCEC Luka (112452),970,,65,Jun,2019
PAULIN Erik (118928),970,,65,Jun,2019
ZELKO Damjan (120158),970,,65,Jun,2019
GRAMPOVCNIK Miha (132901),970,,65,Jun,2019
HORVAT Mitja (103697),970,,65,Jun,2019
REPNJAK Matevz (136216),970,,65,Jun,2019
LEE Jeongho (131417),970,,65,Jun,2019
BALUSURI Varun Shanker (144716),970,,65,Jun,2019
RAGNI Lorenzo ^ (107658),970,,65,Jun,2019
NOVAK Andraz (136215),970,,65,Jun,2019
SAMRANVONG Wattanachai (134851),970,,65,Jun,2019
LEE Junmin (144821),970,,65,Jun,2019
NOVAK Tilen (116559),970,,65,Jun,2019
AVBELJ Andraz (100759),970,,65,Jun,2019
PENG Chih (133829),970,,65,Jun,2019
MARTINEK Luka (122061),970,,65,Jun,2019
KOLODZIEJCZYK Maciej (122064),970,,65,Jun,2019
KIM Hyunso (133701),970,,65,Jun,2019
HO Sangyeon (144823),970,,65,Jun,2019
LORENTZ Romain (111020),1000,968,60,Jun,2019
KIM Minseok (111791),1001,969,57,Jun,2019
MENAND Remi (122094),1002,972,46,Jun,2019
ZHU Linfeng (117887),1003,326,45,Jun,2019
GOULD Benjamin (119951),1003,974,45,Jun,2019
SPELBUS Florin (120155),1003,,45,Jun,2019
MOSCOSO Heber (106366),1006,621,42,Jun,2019
ULUCAK Batuhan (119584),1007,975,38,Jun,2019
NYOH OFON Derek (131477),1007,976,38,Jun,2019
SEO Junghwa (108471),1009,487,35,Jun,2019
PANG Xue Jie (111669),1010,981,25,Jun,2019
MENGE Gencay (106049),1010,982,25,Jun,2019
LASHIN El-Sayed (105082),1010,982,25,Jun,2019
HO Bryan (119666),1010,984,25,Jun,2019
SALAMEH Mohammad (118802),1010,985,25,Jun,2019
TOWNSEND Wade (109521),1010,985,25,Jun,2019
HEANG Tin Ngai (122812),1010,985,25,Jun,2019
PROANO Ivan (112488),1010,985,25,Jun,2019
FERTIKOWSKI Pawel (102736),1010,985,25,Jun,2019
MOYA Manuel (113433),1010,985,25,Jun,2019
LIN Xuqi ^^ (134805),1020,598,23,Jun,2019
HU Chung-Wen (133841),1020,979,23,Jun,2019
LI Haoze (137543),1020,993,23,Jun,2019
RUI Jianjun (137544),1020,993,23,Jun,2019
ZOU Hangcheng (137545),1020,993,23,Jun,2019
YANG Qulong (136589),1020,993,23,Jun,2019
BARBOLIN Illia (100915),1020,993,23,Jun,2019
DVOYNIKOV Artem (121866),1020,993,23,Jun,2019
SURMER Qudus (123176),1020,993,23,Jun,2019
WALASZEK Przemyslaw (123924),1020,993,23,Jun,2019
OBAYOMI Michael (124004),1020,993,23,Jun,2019
ZHANG Yinfei (137547),1020,993,23,Jun,2019
SIM Un Song (132240),1020,993,23,Jun,2019
VU Quang Hien (134241),1020,993,23,Jun,2019
GARECA Franco (120888),1020,993,23,Jun,2019
LI Yuhao (136588),1020,993,23,Jun,2019
ANTHONY Gbenga (100601),1020,993,23,Jun,2019
WAEL Ziad (120012),1020,993,23,Jun,2019
BEREZIN Ilya (124234),1020,993,23,Jun,2019
LAKEEV Vasily (105032),1020,993,23,Jun,2019
NALEPA Kamil (121035),1020,993,23,Jun,2019
IVANOV Gleb (131294),1020,993,23,Jun,2019
HWANG Chung Nam (135238),1020,993,23,Jun,2019
YUSUF Olabisi (123181),1020,993,23,Jun,2019
OLAVE Alfonso (115134),1044,1017,21,Jun,2019
PFEFFER Simon (113916),1045,699,20,Jun,2019
ZHAO Anthony (117799),1045,971,20,Jun,2019
LEE Seonghun ^^ (135087),1045,1018,20,Jun,2019
LUU Finn (131798),1045,1018,20,Jun,2019
JEONG Chanhee (133698),1045,1018,20,Jun,2019
JUNG Seongwon (133700),1045,1018,20,Jun,2019
BINDER Michael (137020),1045,1018,20,Jun,2019
MENG Qi ^^ (137018),1045,1018,20,Jun,2019
KIM Woojin (131412),1045,1018,20,Jun,2019
ZHANG Shaoping ^^ (133790),1045,1018,20,Jun,2019
PARK Gyuhyeon (133813),1045,1018,20,Jun,2019
LUU Skyy (131797),1045,1018,20,Jun,2019
DIXON Xavier (119945),1045,1018,20,Jun,2019
LUM Nicholas (134800),1045,1018,20,Jun,2019
AMOR Kelsey (120696),1045,1018,20,Jun,2019
ZHANG Raymond (134801),1045,1018,20,Jun,2019
VON EINEM Samuel (116514),1045,1018,20,Jun,2019
KANG Jinho (123053),1045,1018,20,Jun,2019
KIM James ^^ (137075),1045,1018,20,Jun,2019
AVILA Diego (123758),1064,1039,17,Jun,2019
GRELA Artur (131128),1065,1040,16,Jun,2019
PETAS Kacper (123923),1065,1041,16,Jun,2019
GOLLA Marco (133326),1065,1041,16,Jun,2019
DZIADEK Kamil (123896),1065,1041,16,Jun,2019
AIYELUMO Olayinka (120030),1065,1041,16,Jun,2019
HIN Mao-Cheng (122340),1070,470,15,Jun,2019
TANTAKOOL Tananan (132192),1070,497,15,Jun,2019
HOI Wonjin (112346),1070,533,15,Jun,2019
ERIKSSON Anders (116846),1070,626,15,Jun,2019
PANKHAOYOY Supakron (120942),1070,993,15,Jun,2019
PROKOPCOV Dmitrij (107578),1070,1047,15,Jun,2019
GHOSH Anirban (119042),1070,1047,15,Jun,2019
AN Junyeong (132707),1070,1047,15,Jun,2019
KIM Heemang (131416),1070,1047,15,Jun,2019
OBESLO Michal (106848),1070,1047,15,Jun,2019
HIRITA Cristian (122647),1070,1047,15,Jun,2019
MATSUSHIMA Sora (135996),1070,1047,15,Jun,2019
YORDANOV Teodor (110408),1070,1047,15,Jun,2019
GAVLAS Antonin (102994),1070,1047,15,Jun,2019
MATSUBARA Yutaka ^ (119396),1070,1047,15,Jun,2019
BAJGER Ondrej (113917),1070,1047,15,Jun,2019
VERAKULTAWAN Purit (131727),1070,1047,15,Jun,2019
AIDA Satoshi (132632),1070,1047,15,Jun,2019
HJARTARSON Magnus (121142),1088,1041,13,Jun,2019
DALGLEISH Colin (117073),1088,1064,13,Jun,2019
MUTUA Brian (136082),1088,1065,13,Jun,2019
MLADENOVSKI Filip (106200),1088,1066,13,Jun,2019
HARLES Nolann (123348),1088,1066,13,Jun,2019
GILLEN Alexander (122643),1088,1066,13,Jun,2019
WILLIAM Randy (101061),1088,1066,13,Jun,2019
ARNEZ ORTUZTE Fernando (137660),1088,1066,13,Jun,2019
UEA Tautu (131796),1088,1066,13,Jun,2019
RAZOUK Yaser (120773),1088,1066,13,Jun,2019
THORSTEINSSON Hallur (113633),1088,1066,13,Jun,2019
ALIYEV Sanan (119571),1088,1066,13,Jun,2019
VANEGAS Pablo (113537),1088,1066,13,Jun,2019
RODRIGUEZ Facundo (137634),1088,1066,13,Jun,2019
MANICO Benji (136199),1088,1066,13,Jun,2019
BERNARDEZ Santiago (131863),1088,1066,13,Jun,2019
JENSEN Frodi (113636),1088,1066,13,Jun,2019
DUBROVIN Veniamin (112307),1088,1066,13,Jun,2019
AULESTIA Ian (113538),1088,1066,13,Jun,2019
MAS Arthur (121366),1107,,12,Jun,2019
LI Ahmet ^ (116658),1108,980,10,Jun,2019
ST-FLEUR Donika (134052),1108,1082,10,Jun,2019
VANEGAS Luis (123573),1108,1082,10,Jun,2019
URENA Victor (134785),1111,705,8,Jun,2019
WANG Zepeng (137284),1111,1085,8,Jun,2019
KYDYRBAEV Aziz ^^ (132447),1111,1085,8,Jun,2019
HEN Yutao (123084),1111,1085,8,Jun,2019
JEGEDE Olanrewaju (113286),1111,1085,8,Jun,2019
XU Yao (137283),1111,1085,8,Jun,2019
SAUN Deep (102153),1111,1085,8,Jun,2019
WANG Chun (123066),1111,1085,8,Jun,2019
ANIMASAHUN Abayomi (131045),1111,1085,8,Jun,2019
ALCHIMBAEV Ruslan (131114),1111,1085,8,Jun,2019
TSYHANOUSKI Mikhail (134130),1111,1085,8,Jun,2019
NASEEM Mohamed (115930),1111,1085,8,Jun,2019
HO Jihoon (104150),1111,1085,8,Jun,2019
BARABANOV Kiryl (100900),1111,1085,8,Jun,2019
LASISI Akeem (123159),1111,1085,8,Jun,2019
MAHARAJ Mishay (137171),1111,1085,8,Jun,2019
HE Ziqian (136616),1111,1085,8,Jun,2019
JI Ruilong (136614),1111,1085,8,Jun,2019
KUNATS Heorhi (131997),1111,1085,8,Jun,2019
HALAS Kristian (116549),1111,1085,8,Jun,2019
ADEGOKE Abiodun Alade (137147),1111,1085,8,Jun,2019
EYO Akabom (123146),1111,1085,8,Jun,2019
FANG Jinliang (137584),1111,1085,8,Jun,2019
TWUMASI Fredrick (137139),1111,1085,8,Jun,2019
ZHANG Renyuan (119814),1111,1085,8,Jun,2019
OSUJI Chijioke (137096),1111,1085,8,Jun,2019
ANTONAU Vadzim (119311),1111,1085,8,Jun,2019
SATHATHONE Duangtavane ^^ (137296),1111,1085,8,Jun,2019
AL-MAHAQERI Taha (113200),1111,1085,8,Jun,2019
ZHOU Xu (137288),1111,1085,8,Jun,2019
BYKOV Viktor (101415),1111,1085,8,Jun,2019
KIM Jihwan (112068),1111,1085,8,Jun,2019
AKOMOLAFE Sunday (123130),1111,1085,8,Jun,2019
MAK Tin Ian (135169),1111,1085,8,Jun,2019
SHI Tao (2003) (137550),1111,1085,8,Jun,2019
GAO Xiangshuo (137286),1111,1085,8,Jun,2019
TSIAROKHIN Andrei (122677),1111,1085,8,Jun,2019
DAUNAROVICH Pavel (121858),1111,1085,8,Jun,2019
OFORI Emmanuel (136348),1111,1085,8,Jun,2019
MILOVANOV Andrey (113659),1111,1085,8,Jun,2019
NGOMA Steve (115200),1111,1085,8,Jun,2019
LE Tien Dat (117512),1111,1085,8,Jun,2019
JING Pengwei (137285),1111,1085,8,Jun,2019
KAZEEM Monsuru (133743),1111,1085,8,Jun,2019
KORTCHINSKI Ilia (131881),1111,1085,8,Jun,2019
AKHMETSAFIN Damir (136039),1111,1085,8,Jun,2019
VUHKA Maksim (131193),1111,1085,8,Jun,2019
NAD NEMEDI Valentin (114873),1111,1085,8,Jun,2019
MURZIN Vitalii (131143),1111,1085,8,Jun,2019
MOUGHANA Fahd (137381),1160,1150,6,Jun,2019
ALDERON Julio (111528),1161,671,4,Jun,2019
MENDOZA Oliver (119644),1161,707,4,Jun,2019
GALEANO Jaime (118047),1161,721,4,Jun,2019
URBINA Jose (114737),1161,1148,4,Jun,2019
VILLALTA Oscar (119651),1161,1148,4,Jun,2019
DIMAS CHOCK David (124105),1161,1151,4,Jun,2019
DOUGHTY Kristian (122478),1161,1152,4,Jun,2019
TOSUNI Sadush (134428),1161,1153,4,Jun,2019
MATHILDA Jeandry (124007),1161,1153,4,Jun,2019
GUERRA Jose (119637),1161,1153,4,Jun,2019
LAREZ Alejandro (124417),1161,1153,4,Jun,2019
VILLARROEL Rene (131850),1161,1153,4,Jun,2019
AGUIRRE Miguel (134422),1161,1153,4,Jun,2019
TORRES TORRES Axel (137180),1161,1153,4,Jun,2019
MOLEDA Damian (106262),1161,1153,4,Jun,2019
ESPINOZA John (122688),1161,1153,4,Jun,2019
MOLEDA Bruno (116352),1161,1153,4,Jun,2019
ACHAFEIRO Jose Miguel (118022),1161,1153,4,Jun,2019
OSINAGA Santiago (123806),1161,1153,4,Jun,2019
PELAEZ Fabio (117315),1161,1153,4,Jun,2019
BARBOSA Luan (123774),1181,1166,3,Jun,2019
ABBES Mohamed (137332),1181,1166,3,Jun,2019
LI Ted (123317),1181,1166,3,Jun,2019
TULLOCH Alessio (132327),1181,1166,3,Jun,2019
JI Max ^ (134676),1181,1166,3,Jun,2019
ABDELHASAN Ahmed (137393),1181,1166,3,Jun,2019
LAZEZI Mohamed (137322),1181,1166,3,Jun,2019
KANG Zhihao (137795),1181,1166,3,Jun,2019
WANG Yutian ^^ (121257),1181,1166,3,Jun,2019
HARB Ahmad (114347),1181,1166,3,Jun,2019
GODHWANI Aditya (124378),1181,1166,3,Jun,2019
PEREZ Gabriel (131442),1181,1166,3,Jun,2019
LI Yu-Je ^^ (135707),1193,1181,1,Jun,2019
MENG Zixiang ^^ (134466),1193,1182,1,Jun,2019
GALLO Sebastian (137781),1193,1182,1,Jun,2019
RASANEN Aleksi (135982),1193,1182,1,Jun,2019
BERNIER William (137793),1193,1182,1,Jun,2019
BIRRIEL RIVERA Oscar (137175),1193,1182,1,Jun,2019
AOUEKLI Ahmed (137382),1193,1182,1,Jun,2019
KHER Abdelrahmen (137391),1193,1182,1,Jun,2019
RODRIGUEZ TORRES Felipe (137792),1193,1182,1,Jun,2019
WEI Adrian (131974),1193,1182,1,Jun,2019
XU David (131972),1193,1182,1,Jun,2019
RAYMOND Zakary (131970),1193,1182,1,Jun,2019
SIEU Vincent (131953),1193,1182,1,Jun,2019
SHAO Yu (108543),1193,1182,1,Jun,2019
AGUIAR Joao ^^ (123503),1193,1182,1,Jun,2019
MATIAS Francisco (121437),1193,1182,1,Jun,2019
KANT Kristjan (115349),1193,1182,1,Jun,2019
Mohammed Ali (133387),1193,1182,1,Jun,2019
MUSTONEN Aleksi (119047),1193,1182,1,Jun,2019
GAUTHIER Pierre-Anthony (135712),1193,1182,1,Jun,2019
SINCLAIR Rudolph ^^ (137642),1193,1182,1,Jun,2019
KHOSRAVI Sam (136007),1193,1182,1,Jun,2019
MUZEAU Sebastien ^^ (123249),1193,1182,1,Jun,2019
WILLOUGHBY Kweisi (135141),1193,1182,1,Jun,2019
IDRIS El Mutasim (120137),1193,1182,1,Jun,2019
MORRIS Alphanso ^^ (137641),1193,1182,1,Jun,2019
LAFITTE Laurent ^^ (137639),1193,1182,1,Jun,2019
DOUGLAS Derron (132107),1193,1182,1,Jun,2019
LY Edward (122425),1193,1182,1,Jun,2019
WILLIAMS David ^^ (137643),1193,1182,1,Jun,2019
